store_id,address
1,"71881 Robert Shores Suite 250
Castroland, PA 11904"
2,"48983 Kristine Coves
Popeville, MI 66979"
3,"9485 Bond Mews
Staffordville, GA 63555"
4,"2668 Margaret Crossroad Apt. 185
Myerstown, MO 56211"
5,"880 James Viaduct Apt. 528
South Amandamouth, MT 07692"
6,"31911 Ross Stream Suite 108
East Kathleenfort, LA 99909"
7,"960 Alexander Mills
East Trevorberg, CT 59891"
8,"93143 James Trail
Longmouth, PA 95648"
9,"34136 Richard Ridges
North Nathan, AR 25019"
10,"09049 Frey Curve Apt. 417
South Eric, KY 01945"
11,"1755 Nicole Brook
Elizabethburgh, SD 85101"
12,"45555 Johnson Skyway Apt. 880
Mitchellstad, SD 31239"
13,"522 Patrick Creek Apt. 341
Wandahaven, MN 64059"
14,"598 Ruben Valleys Apt. 007
West Evan, ID 58348"
15,"23358 Willis Burgs Apt. 592
Hillberg, ID 30319"
16,"9373 Savannah Trace
Floresfurt, MA 35173"
17,"9694 Harris Tunnel
Patriciaville, CT 95667"
18,"2538 Kaitlyn Views Apt. 122
Rachelhaven, DC 13391"
19,"1367 Ashley Trafficway
New Michael, KS 56400"
20,"8602 Miranda Plains
Lake Gregoryhaven, MS 75896"
21,"3265 Garner View
Mcculloughview, PA 32713"
22,"USNS Willis
FPO AE 14940"
23,"493 Owens Hollow
West Lindsay, CA 71754"
24,"USCGC Carpenter
FPO AA 71186"
25,"432 April Crescent Suite 862
Coxmouth, CO 38405"
26,"203 Erin Crescent
Port Samuelfurt, LA 17804"
27,"00094 Boyd Parkway Apt. 487
Michealchester, OR 69452"
28,"230 Cordova Plaza
New Christopher, AZ 09214"
29,"17329 Steven Springs
West Cory, MI 02558"
30,"48160 Hale Groves
Luisborough, CT 44128"
31,"Unit 7882 Box 0131
DPO AP 62536"
32,"19432 Christopher Port Suite 326
Port Ashleyborough, CA 31053"
33,"PSC 3254, Box 0240
APO AE 99019"
34,"0128 Boone Drive
Timothyfort, AK 21647"
35,"35137 Henry Point
South Seanfort, IN 80717"
36,"513 Meghan Pike Apt. 303
South Lisa, AZ 65412"
37,"4549 Rodriguez Radial Suite 825
West Marissa, SD 73898"
38,"595 Cohen Trace
Markberg, AR 53540"
39,"7153 Riley Squares
South Catherine, MT 42734"
40,"69932 Lee Garden Apt. 526
North Benjamin, MN 71622"
41,"59871 Jacqueline Parkways
Port Aliciafort, NJ 84970"
42,"208 Flores Mill Suite 861
South Brandon, NM 32820"
43,"18760 Lauren Court Apt. 986
Walkerview, DC 84928"
44,"3324 Summers Courts Apt. 956
Dennismouth, SD 01695"
45,"306 Ruth Junction
Dariusmouth, FL 58509"
46,"Unit 2207 Box 6179
DPO AE 88864"
47,"409 Bradley Village Apt. 884
South Paula, ID 24461"
48,"5988 Anna Locks
East Marcus, WA 17407"
49,"8433 Williams Groves
West Hannah, IN 15261"
50,"73441 Marshall Valleys
Port Andreaport, HI 63382"
